{"type": "metrics", "dataset": "train", "precision": 0.9506953223767383, "balanced_accuracy": 0.8135003710354956, "recall": 0.6366137566137566, "f1_score": 0.762580808721004}
{"type": "metrics", "dataset": "test", "precision": 0.6592082616179001, "balanced_accuracy": 0.6729506069888165, "recall": 0.4018887722980063, "f1_score": 0.49934810951760106}
